﻿{
  "Version": "1.0",
  "Metadata": [
    {
      "ApplicationType": "Edge",
      "ExecutablePath": {
        "Value": "msedge.exe",
        "IsExpression": false
      },
      "Url": {
        "Value": "https://livmirvac--uat.sandbox.my.salesforce.com",
        "IsExpression": false
      },
      "Arguments": null,
      "Version": null
    },
    {
      "ApplicationType": "Edge",
      "ExecutablePath": {
        "Value": "msedge.exe",
        "IsExpression": false
      },
      "Url": {
        "Value": "https://livmirvac--uat.sandbox.lightning.force.com",
        "IsExpression": false
      },
      "Arguments": null,
      "Version": null
    },
    {
      "ApplicationType": "WindowsApplication",
      "ExecutablePath": {
        "Value": "excel.exe",
        "IsExpression": false
      },
      "Url": null,
      "Arguments": {
        "Value": "string.Format(\"{0}\\UiPath\\Local_Data\\Test_Data_Aston.xlsx\", Environment.GetFolderPath(Environment.SpecialFolder.MyDocuments))",
        "IsExpression": true
      },
      "Version": null
    }
  ]
}