{
  "Workflows": [
    {
      "Path": null,
      "SortBy": 0,
      "VariablesSectionElementsOrder": [],
      "ArgumentsSectionElementsOrder": null,
      "ConstantsSectionElementsOrder": [],
      "AddedNamespaces": null
    },
    {
      "Path": "Mb_ORIG_main.xaml",
      "SortBy": 0,
      "VariablesSectionElementsOrder": [
        "Name_First&SequenceX_1",
        "Name_Last&SequenceX_1",
        "Email&SequenceX_1",
        "Phone_Mobile&SequenceX_1",
        "Company&SequenceX_1",
        "Salutation&SequenceX_1",
        "Leads_DT&SequenceX_1"
      ],
      "ArgumentsSectionElementsOrder": [
        "Leads_IN_DT"
      ],
      "ConstantsSectionElementsOrder": [],
      "AddedNamespaces": null
    },
    {
      "Path": "ConvertLead_to_Email - Load Excel.xaml",
      "SortBy": 0,
      "VariablesSectionElementsOrder": [
        "Quote_Name&Sequence_1",
        "RoomID&Sequence_1",
        "PriceBook&Sequence_1",
        "Room_Period_Weeks&Sequence_1",
        "Tenant_SurName&Sequence_1",
        "Leads_DT&Sequence_1",
        "Name_First&SequenceX_2",
        "Name_Last&SequenceX_2",
        "Email&SequenceX_2",
        "Phone_Mobile&SequenceX_2",
        "Company&SequenceX_2",
        "Salutation&SequenceX_2",
        "Apartment_ID_Str&Sequence_9",
        "Apartment_Price_Str&Sequence_9",
        "Apartment_Desc_Str&Sequence_9"
      ],
      "ArgumentsSectionElementsOrder": [],
      "ConstantsSectionElementsOrder": [],
      "AddedNamespaces": null
    },
    {
      "Path": "scrap.xaml",
      "SortBy": 0,
      "VariablesSectionElementsOrder": [
        "RoomID&Sequence_2",
        "PriceBook&Sequence_2"
      ],
      "ArgumentsSectionElementsOrder": [],
      "ConstantsSectionElementsOrder": [],
      "AddedNamespaces": null
    },
    {
      "Path": "SF Add Products.xaml",
      "SortBy": 0,
      "VariablesSectionElementsOrder": [
        "RoomID&Sequence_1"
      ],
      "ArgumentsSectionElementsOrder": [],
      "ConstantsSectionElementsOrder": [],
      "AddedNamespaces": null
    },
    {
      "Path": "SF_ReadDT.xaml",
      "SortBy": 0,
      "VariablesSectionElementsOrder": [
        "Name_First&Sequence_1",
        "Name_Last&Sequence_1",
        "Room_Period_Weeks&Sequence_1",
        "PriceBook&Sequence_1",
        "RoomID&Sequence_1",
        "Tenant_SurName&Sequence_1",
        "variable1&Sequence_1",
        "Quote_Name&Sequence_1"
      ],
      "ArgumentsSectionElementsOrder": [
        "Leads_DT"
      ],
      "ConstantsSectionElementsOrder": [],
      "AddedNamespaces": null
    },
    {
      "Path": "SF_InvokeWF.xaml",
      "SortBy": 0,
      "VariablesSectionElementsOrder": [
        "CurrRow_DT&Sequence_30",
        "Name_First&SequenceX_1",
        "Name_Last&SequenceX_1",
        "Email&SequenceX_1",
        "Phone_Mobile&SequenceX_1",
        "Company&SequenceX_1",
        "Salutation&SequenceX_1",
        "Leads_DT&SequenceX_1"
      ],
      "ArgumentsSectionElementsOrder": [
        "CurrRowOut_DT"
      ],
      "ConstantsSectionElementsOrder": [],
      "AddedNamespaces": null
    },
    {
      "Path": "Debug - SF Offer Email - Extract text.xaml",
      "SortBy": 0,
      "VariablesSectionElementsOrder": [
        "Concat_Txt&Sequence_87",
        "Offer_Email_Text&Sequence_87",
        "Offer_Magic_Link&Sequence_87",
        "SF_Offer_Text&Sequence_87",
        "Apartment_ID_Str&SequenceX_1",
        "Apartment_Price_Str&SequenceX_1",
        "Apartment_Desc_Str&SequenceX_1",
        "Tenant_SurName&SequenceX_1",
        "Room_Period_Weeks&SequenceX_1",
        "PriceBook&SequenceX_1",
        "RoomID&SequenceX_1",
        "Quote_Name&SequenceX_1",
        "Name_First&SequenceX_1",
        "Name_Last&SequenceX_1",
        "Email&SequenceX_1",
        "Phone_Mobile&SequenceX_1",
        "Company&SequenceX_1",
        "Salutation&SequenceX_1",
        "Leads_DT&SequenceX_1"
      ],
      "ArgumentsSectionElementsOrder": [],
      "ConstantsSectionElementsOrder": [],
      "AddedNamespaces": null
    },
    {
      "Path": "GlobalHandlerX.xaml",
      "SortBy": 0,
      "VariablesSectionElementsOrder": [
        "ErrorTemplate&Flowchart_1",
        "SkipIterationFlag&Flowchart_1",
        "CustomInputContentPath&Flowchart_1",
        "UserAction&Flowchart_1",
        "SkipIterationFlagText&Flowchart_1",
        "ErrorTemplateBackup&Flowchart_1",
        "cEmptyString&Flowchart_1",
        "LocalizationData&Sequence_56",
        "UICulture&Sequence_56",
        "ActionType&Sequence_49",
        "placeholderActionType&Sequence_49",
        "ActivityName&Sequence_49",
        "ActivityType&Sequence_49",
        "ProblemDescription&Sequence_49",
        "placeholderActivityType&Sequence_49",
        "ProblemDescriptionPlaceholder&Sequence_49",
        "activityEncodedIdPlaceHolder&Sequence_49",
        "activityEncodedId&Sequence_49",
        "placeholderActivityName&Sequence_49",
        "FoundRepetitiveActivity&Sequence_49",
        "placeholderSkipIteration&Sequence_49",
        "cDisplayNone&Sequence_49"
      ],
      "ArgumentsSectionElementsOrder": [
        "errorInfo",
        "result"
      ],
      "ConstantsSectionElementsOrder": [],
      "AddedNamespaces": null
    },
    {
      "Path": "__SF Lead_to_Email - Excel - DEBUG.xaml",
      "SortBy": 0,
      "VariablesSectionElementsOrder": [
        "Name_First&SequenceX_1",
        "Name_Last&SequenceX_1",
        "Email&SequenceX_1",
        "Phone_Mobile&SequenceX_1",
        "Company&SequenceX_1",
        "Salutation&SequenceX_1",
        "Leads_DT&SequenceX_1",
        "Quote_Name&SequenceX_1",
        "PriceBook&SequenceX_1",
        "Room_Period_Weeks&SequenceX_1",
        "Tenant_SurName&SequenceX_1",
        "Apartment_ID_Str&SequenceX_1",
        "Apartment_Price_Str&SequenceX_1",
        "Apartment_Desc_Str&SequenceX_1",
        "RoomID&SequenceX_1"
      ],
      "ArgumentsSectionElementsOrder": [],
      "ConstantsSectionElementsOrder": [],
      "AddedNamespaces": null
    },
    {
      "Path": "ConvertLead_to_Email - Variable data.xaml",
      "SortBy": 0,
      "VariablesSectionElementsOrder": [
        "Quote_Name&Sequence_1",
        "RoomID&Sequence_1",
        "PriceBook&Sequence_1",
        "Room_Period_Weeks&Sequence_1",
        "Tenant_SurName&Sequence_1",
        "Apartment_ID_Str&Sequence_9",
        "Apartment_Price_Str&Sequence_9",
        "Apartment_Desc_Str&Sequence_9"
      ],
      "ArgumentsSectionElementsOrder": [],
      "ConstantsSectionElementsOrder": [],
      "AddedNamespaces": null
    },
    {
      "Path": "Create Lead (only) Xpath.xaml",
      "SortBy": 0,
      "VariablesSectionElementsOrder": [
        "Name_First&SequenceX_1",
        "Name_Last&SequenceX_1",
        "Email&SequenceX_1",
        "Phone_Mobile&SequenceX_1",
        "Company&SequenceX_1",
        "Salutation&SequenceX_1",
        "Leads_DT&SequenceX_1"
      ],
      "ArgumentsSectionElementsOrder": [
        "Leads_IN_DT"
      ],
      "ConstantsSectionElementsOrder": [],
      "AddedNamespaces": null
    },
    {
      "Path": "Main - Test DataTable.xaml",
      "SortBy": 0,
      "VariablesSectionElementsOrder": [
        "Name_First&SequenceX_1",
        "Name_Last&SequenceX_1",
        "Email&SequenceX_1",
        "Phone_Mobile&SequenceX_1",
        "Company&SequenceX_1",
        "Salutation&SequenceX_1",
        "Leads_DT&SequenceX_1",
        "Quote_Name&SequenceX_1",
        "RoomID&SequenceX_1",
        "PriceBook&SequenceX_1",
        "Room_Period_Weeks&SequenceX_1",
        "Tenant_SurName&SequenceX_1",
        "Apartment_ID_Str&SequenceX_1",
        "Apartment_Price_Str&SequenceX_1",
        "Apartment_Desc_Str&SequenceX_1"
      ],
      "ArgumentsSectionElementsOrder": [],
      "ConstantsSectionElementsOrder": [],
      "AddedNamespaces": null
    },
    {
      "Path": "TestDate.xaml",
      "SortBy": 0,
      "VariablesSectionElementsOrder": [
        "Selector&Sequence_1"
      ],
      "ArgumentsSectionElementsOrder": [],
      "ConstantsSectionElementsOrder": [],
      "AddedNamespaces": null
    },
    {
      "Path": "Main - 2024-10-28 Before field updates.xaml",
      "SortBy": 0,
      "VariablesSectionElementsOrder": [
        "Name_First&SequenceX_1",
        "Name_Last&SequenceX_1",
        "Email&SequenceX_1",
        "Phone_Mobile&SequenceX_1",
        "Company&SequenceX_1",
        "Salutation&SequenceX_1",
        "Leads_DT&SequenceX_1",
        "Quote_Name&SequenceX_1",
        "RoomID&SequenceX_1",
        "PriceBook&SequenceX_1",
        "Room_Period_Weeks&SequenceX_1",
        "Tenant_SurName&SequenceX_1",
        "Apartment_ID_Str&SequenceX_1",
        "Apartment_Price_Str&SequenceX_1",
        "Apartment_Desc_Str&SequenceX_1",
        "Offer_Email_Text&Sequence_52",
        "Offer_Magic_Link&Sequence_52",
        "SF_Offer_Text&Sequence_52"
      ],
      "ArgumentsSectionElementsOrder": [],
      "ConstantsSectionElementsOrder": [],
      "AddedNamespaces": null
    },
    {
      "Path": "Main.xaml",
      "SortBy": 0,
      "VariablesSectionElementsOrder": [
        "SF_Offer_Text&Sequence_106",
        "Offer_Magic_Link&Sequence_106",
        "Offer_Email_Text&Sequence_106",
        "Storage&SequenceX_1",
        "LeaseDateStart&SequenceX_1",
        "LeaseDateExp&SequenceX_1",
        "Name_First&SequenceX_1",
        "Name_Last&SequenceX_1",
        "Email&SequenceX_1",
        "Phone_Mobile&SequenceX_1",
        "Company&SequenceX_1",
        "Salutation&SequenceX_1",
        "Leads_DT&SequenceX_1",
        "Quote_Name&SequenceX_1",
        "RoomID&SequenceX_1",
        "PriceBook&SequenceX_1",
        "Room_Period_Weeks&SequenceX_1",
        "Tenant_SurName&SequenceX_1",
        "Apartment_ID_Str&SequenceX_1",
        "Apartment_Price_Str&SequenceX_1",
        "Apartment_Desc_Str&SequenceX_1"
      ],
      "ArgumentsSectionElementsOrder": [],
      "ConstantsSectionElementsOrder": [],
      "AddedNamespaces": null
    },
    {
      "Path": "Debug Flow.xaml",
      "SortBy": 0,
      "VariablesSectionElementsOrder": [
        "Name_First&SequenceX_1",
        "Name_Last&SequenceX_1",
        "Email&SequenceX_1",
        "Phone_Mobile&SequenceX_1",
        "Company&SequenceX_1",
        "Salutation&SequenceX_1",
        "Leads_DT&SequenceX_1",
        "Quote_Name&SequenceX_1",
        "RoomID&SequenceX_1",
        "PriceBook&SequenceX_1",
        "Room_Period_Weeks&SequenceX_1",
        "Tenant_SurName&SequenceX_1",
        "Apartment_ID_Str&SequenceX_1",
        "Apartment_Price_Str&SequenceX_1",
        "Apartment_Desc_Str&SequenceX_1",
        "LeaseDateExp&SequenceX_1",
        "LeaseDateStart&SequenceX_1"
      ],
      "ArgumentsSectionElementsOrder": [],
      "ConstantsSectionElementsOrder": [],
      "AddedNamespaces": null
    }
  ]
}