{
  "Workflows": [
    {
      "Path": null,
      "SortBy": 0,
      "VariablesSectionElementsOrder": [],
      "ArgumentsSectionElementsOrder": null,
      "ConstantsSectionElementsOrder": [],
      "AddedNamespaces": null
    },
    {
      "Path": "GlobalHandlerX.xaml",
      "SortBy": 0,
      "VariablesSectionElementsOrder": [
        "ErrorTemplate&Flowchart_1",
        "SkipIterationFlag&Flowchart_1",
        "CustomInputContentPath&Flowchart_1",
        "UserAction&Flowchart_1",
        "SkipIterationFlagText&Flowchart_1",
        "ErrorTemplateBackup&Flowchart_1",
        "cEmptyString&Flowchart_1",
        "LocalizationData&Sequence_56",
        "UICulture&Sequence_56",
        "ActionType&Sequence_49",
        "placeholderActionType&Sequence_49",
        "ActivityName&Sequence_49",
        "ActivityType&Sequence_49",
        "ProblemDescription&Sequence_49",
        "placeholderActivityType&Sequence_49",
        "ProblemDescriptionPlaceholder&Sequence_49",
        "activityEncodedIdPlaceHolder&Sequence_49",
        "activityEncodedId&Sequence_49",
        "placeholderActivityName&Sequence_49",
        "FoundRepetitiveActivity&Sequence_49",
        "placeholderSkipIteration&Sequence_49",
        "cDisplayNone&Sequence_49"
      ],
      "ArgumentsSectionElementsOrder": [
        "errorInfo",
        "result"
      ],
      "ConstantsSectionElementsOrder": [],
      "AddedNamespaces": null
    },
    {
      "Path": "Main.xaml",
      "SortBy": 0,
      "VariablesSectionElementsOrder": [
        "SF_Offer_Text&Sequence_106",
        "Offer_Magic_Link&Sequence_106",
        "Offer_Email_Text&Sequence_106",
        "Storage&SequenceX_1",
        "LeaseDateStart&SequenceX_1",
        "LeaseDateExp&SequenceX_1",
        "Name_First&SequenceX_1",
        "Name_Last&SequenceX_1",
        "Email&SequenceX_1",
        "Phone_Mobile&SequenceX_1",
        "Company&SequenceX_1",
        "Salutation&SequenceX_1",
        "Leads_DT&SequenceX_1",
        "Quote_Name&SequenceX_1",
        "RoomID&SequenceX_1",
        "PriceBook&SequenceX_1",
        "Room_Period_Weeks&SequenceX_1",
        "Tenant_SurName&SequenceX_1",
        "Apartment_ID_Str&SequenceX_1",
        "Apartment_Price_Str&SequenceX_1",
        "Apartment_Desc_Str&SequenceX_1"
      ],
      "ArgumentsSectionElementsOrder": [],
      "ConstantsSectionElementsOrder": [],
      "AddedNamespaces": null
    }
  ]
}